query,decision,reason,final_answer,trust_score,evidence_sufficiency,grounding_score,has_contradictions,query_ambiguous,strategy_used,recovery_action,retry_count,runtime_sec,run_timestamp,trace_summary
who were the rectors of eth between 2017 and 2022?,answer,All reliability checks passed,the [vice rector for continuing education](https://ethz.ch/en/the-eth-zurich/organisation/vice-rectors.html) assists the rector in the area of continuing education for those with an academic background at eth zurich. reaching critical mass of women at eth: /equal-opportunities/strategie-und-zahlen/frauen-an-der-eth/frauenstreik-eth/promoting-women.html) **sarah springman** professor of geotechnical engineering at eth zurich and rector of eth zurich until the end of january 2022. news from the executive board 2022 5: tec).,0.624,0.54,1.0,False,False,confidence,,0,0.1962,2026-05-29T22:44:25.178346,query | query_type | weights | retry_weights | gated_out
who at eth received erc grants?,abstain,Recovery attempted but evidence still unreliable,,0.24,0.567,1.0,True,False,voting,switch_strategy,1,0.5071,2026-05-29T22:44:25.178346,query | query_type | weights | retry_weights | gated_out
when did the insight get to mars?,abstain,Recovery attempted but evidence still unreliable,,0.243,0.571,1.0,True,False,voting,switch_strategy,1,0.4576,2026-05-29T22:44:25.178346,query | query_type | weights | retry_weights | gated_out
what did prof. schubert say about flying?,abstain,Recovery attempted but evidence still unreliable,,0.106,0.343,1.0,True,False,voting,switch_strategy,1,0.4328,2026-05-29T22:44:25.178346,query | query_type | weights | retry_weights | gated_out
what is e-sling?,clarify,Query is ambiguous (short or contains pronouns),,0.0,0.0,0.0,False,True,confidence,,0,0.0,2026-05-29T22:44:25.178346,Clarification triggered
who are famous eth alumni?,answer,All reliability checks passed,"in may 2023, pilloud was elected president of the eth alumni association on an honorary basis. the famous alumnus would have been pleased: researchers on the insight mission, in which eth zurich is participating, are measuring the anatomy of the red planet. globe the president of the eth alumni association on new networking prgraommes and untapped potential: **jeannine pilloud** graduated from eth zurich with a degree in architecture and went on to pursue a successful career in a number of industries.",0.54,0.4,1.0,False,False,confidence,,0,0.2534,2026-05-29T22:44:25.178346,query | query_type | weights | retry_weights | gated_out
who at eth currently works on research regarding climate change?,answer,All reliability checks passed,"**professor reto knutti (*1973)**, currently associate professor at eth zurich, as full professor of climate physics. his research addresses questions related to climate change policy, with focus on adaption to climate change and the resultant costs for society, as well as on analyzing the benefits of different energy systems. at eth zurich her significant achievements include building up an outstanding interdisciplinary research group.",0.6,0.5,1.0,False,False,confidence,,0,0.2453,2026-05-29T22:44:25.178346,query | query_type | weights | retry_weights | gated_out
how do alpine plants respond to climate change?,abstain,Recovery attempted but evidence still unreliable,,0.32,0.7,1.0,True,False,voting,switch_strategy,1,0.4709,2026-05-29T22:44:25.178346,query | query_type | weights | retry_weights | gated_out
how would you make ferzlizer without carbon emissions?,abstain,Recovery attempted but evidence still unreliable,,0.0,0.375,0.0,True,False,voting,switch_strategy,1,0.4717,2026-05-29T22:44:25.178346,query | query_type | weights | retry_weights | gated_out
what research is eth famous for?,abstain,Recovery attempted but evidence still unreliable,,0.28,0.633,1.0,True,False,voting,switch_strategy,1,0.5083,2026-05-29T22:44:25.178346,query | query_type | weights | retry_weights | gated_out
how much of eth’s electricity consumpzon is due to compuzng? how did that develop over the years?,clarify,Query is ambiguous (short or contains pronouns),,0.0,0.0,0.0,False,True,confidence,,0,0.0,2026-05-29T22:44:25.178346,Clarification triggered
what are pseudocereals and who does research on them?,answer,Recovery succeeded; all reliability checks passed,"piel's research focuses on natural products. more variety eat buckwheat: the three most important pseudocereals are buckwheat, quinoa and amaranth. he is conducting research into the formation of supermassive black holes in connection with the planned esa research satellite ""lisa"".",0.62,0.533,1.0,False,False,voting,switch_strategy,1,0.4868,2026-05-29T22:44:25.178346,query | query_type | weights | retry_weights | gated_out
"who is working on methods for targeted cancer treatment, and what do they use?",clarify,Query is ambiguous (short or contains pronouns),,0.0,0.0,0.0,False,True,confidence,,0,0.0,2026-05-29T22:44:25.178346,Clarification triggered
how is eth research inveszgazng methods to avoid diarrhea?,answer,All reliability checks passed,"eth zurich also conducts fundamental research in this field, however. time and again, eth has attracted attention with its research. even today, eth is conducting intensive research into smart farming.",0.593,0.489,1.0,False,False,confidence,,0,0.2552,2026-05-29T22:44:25.178346,query | query_type | weights | retry_weights | gated_out
what is eth plus?,answer,Recovery succeeded; all reliability checks passed,"eth plus initiatives: bringing materials to life in the future, the significance of living materials will only grow. eth plus initiatives: as well as the paul scherrer institute psi to strengthen this field at the national level. ""eth+ has developed an unbelievably positive dynamic.",0.72,0.7,1.0,False,False,voting,switch_strategy,1,0.4059,2026-05-29T22:44:25.178346,query | query_type | weights | retry_weights | gated_out
how do birds learn new songs?,answer,All reliability checks passed,"how ai models teach themselves to learn new things: von oswald j, niklasson e, randazzo e, sacramento j, mordvintsev a, zhmoginov a, vladymyrov m: transformers learn in-context by gradient descent. the algorithms had to learn to distinguish between different bird songs of a certain species - ensuring also that the type of microphone the bird watchers used did not matter: ""machine learning is supposed to recognise the bird songs, not to evaluate the recording technique,"" says gabriel michau. this is not trivial since there are no faulty samples to learn from.",0.54,0.4,1.0,False,False,confidence,,0,0.1773,2026-05-29T22:44:25.178346,query | query_type | weights | retry_weights | gated_out
what conneczons does eth have to hong kong?,abstain,Recovery attempted but evidence still unreliable,,0.125,0.375,1.0,True,False,voting,switch_strategy,1,0.3584,2026-05-29T22:44:25.178346,query | query_type | weights | retry_weights | gated_out
for how many years has eth done research on quantum compuzng?,answer,All reliability checks passed,"eth zurich research grants ( [eth grants](/en/forschung/forschungsfoerderung/eth-eigene-programme/eth-grants.html) ) fund innovative and unconventional research projects at eth zurich. in research too, eth zurich can look back on a great number of successes over the past year. for quantum electronics anders hagström, eth global **10 years** maria antonietta basoli, services markus dahinden, information technology and education **retirements** willi furter, its service delivery marita barengo, eth library marco mächler, eth library wolfgang lierz, eth library ilse new-fannenböck, literature and cultural studies, kilcher christoph fellmann, swiss economic institute (kof) dr.",0.605,0.509,1.0,False,False,confidence,,0,0.1875,2026-05-29T22:44:25.178346,query | query_type | weights | retry_weights | gated_out
what are the current projections for the student numbers at eth?,answer,Recovery succeeded; all reliability checks passed,"to preserve quality and maintain the same level of services - even as student numbers continue to grow - eth zurich estimates real budget growth of 2.5 percent per year is needed. annual report 2016: **more students - more courses** a look at the numbers shows that eth zurich remains a popular place to study. eth zurich is therefore considering additional measures such as: - restricting student numbers, for example, by imposing a limit on student places - a targeted freeze on new appointments - including in research and teaching - cancelling entire research areas and study programmes - reduction or performance-based billing of services to the federal government (e.g.",0.648,0.58,1.0,False,False,voting,switch_strategy,1,0.3808,2026-05-29T22:44:25.178346,query | query_type | weights | retry_weights | gated_out
why should i study at eth?,answer,All reliability checks passed,"but it also shows me what a broad range of subjects we cover here at eth and how, owing to the diversity of these situations, we should be wary of judging all courses of study by the same measuring stick. both zheng and schmidt recommend the course at eth. he replied with indignation that eth is eth and does not need any certification.",0.68,0.633,1.0,False,False,confidence,,0,0.1963,2026-05-29T22:44:25.178346,query | query_type | weights | retry_weights | gated_out
"who inveszgated the catastrophic events in tibet in 2016, and what was found?",answer,All reliability checks passed,"bis zum juli 2016 war nicht bekannt, dass gletscher in diesem zustand vollstaendig kollabieren und dermassen gewaltige eislawinen ausloesen

doppelter gletscherkollaps in tibet: alten bildete eine mehrere kilometer lange linie, nahezu identisch der anrisslinie entlang welcher der «noerdliche zwilling» abgebrochen war. and finally, in 2016, 2.5 million cubic metres broke off in a single incident. das doppelereignis

chronicle of a catastrophic landslide: movement begets movement researchers found another sign that the situation had accelerated dramatically - rockfalls at the foot of the slope were increasing in frequency and volume.",0.53,0.383,1.0,False,False,confidence,,0,0.1651,2026-05-29T22:44:25.178346,query | query_type | weights | retry_weights | gated_out
why should eth receive any additional funding?,abstain,Recovery attempted but evidence still unreliable,,0.088,0.314,1.0,True,False,voting,switch_strategy,1,0.355,2026-05-29T22:44:25.178346,query | query_type | weights | retry_weights | gated_out
anybody at eth doing anything for people with disabilizes?,answer,All reliability checks passed,"""but people like markus t. accessibility at eth design for%20all campaign: people with disabilities or special needs - whether students, teachers, researchers, staff or visitors - should benefit from greatly improved access to eth buildings and services. employees who stated at the beginning of the

finding your way through difficult times: : ""the fact that eth is now offering a wide range of low-threshold contact services is a positive sign and one of the most important aspects of these changes."" in the discussions about the regulations, the university assembly was also particularly keen to ensure that people who report problems receive appropriate protection in a timely manner.",0.593,0.489,1.0,False,False,confidence,,0,0.178,2026-05-29T22:44:25.178346,query | query_type | weights | retry_weights | gated_out
does eth organize any competitions?,abstain,Recovery attempted but evidence still unreliable,,0.02,0.2,1.0,True,False,voting,switch_strategy,1,0.3793,2026-05-29T22:44:25.178346,query | query_type | weights | retry_weights | gated_out
